{"H":[0.99984426,0.00015574],"D":[1.0],"C":[0.988922,0.011078],"N":[0.996337,0.003663],"O":[0.9976206,0.000379,0.0020004],"Na":[1.0],"Mg":[0.78992,0.10003,0.11005],"P":[1.0],"S":[0.9504074,0.0074869,0.0419599,0.00014579],"Cl":[0.75771,0.24229],"Fe":[0.05845,0.91754,0.021191,0.002819],"Mn":[1.0],"Zn":[0.491704,0.27731,0.040401,0.184483,0.006106],"I":[1.0]}
