{"H":[0.999885,0.000115],"He":[1.37e-06,0.99999863],"Li":[0.0759,0.9240999999999999],"Be":[1.0],"B":[0.19899999999999998,0.8009999999999999],"C":[0.9893000000000001,0.010700000000000001],"N":[0.9963200000000001,0.00368],"O":[0.9975700000000001,0.00037999999999999997,0.0020499999999999997],"F":[1.0],"Ne":[0.9048,0.0027,0.0925],"Na":[1.0],"Mg":[0.7898999999999999,0.1,0.1101],"Al":[1.0],"Si":[0.9222969999999999,0.046832000000000006,0.030872],"P":[1.0],"S":[0.9493,0.0076,0.0429,0.0002],"Cl":[0.7578,0.2422],"K":[0.932581,0.000117,0.067302],"Ar":[0.0033650000000000004,0.0006320000000000001,0.9960030000000001],"Ca":[0.96941,0.00647,0.00135,0.02086,4.0e-05,0.00187],"Sc":[1.0],"Ti":[0.0825,0.07440000000000001,0.7372,0.0541,0.0518],"V":[0.0025,0.9975],"Cr":[0.043449999999999996,0.83789,0.09501,0.02365],"Mn":[1.0],"Fe":[0.058449999999999995,0.91754,0.02119,0.0028199999999999996],"Ni":[0.680769,0.262231,0.011399,0.036345,0.009256],"Co":[1.0],"Cu":[0.6917,0.30829999999999996],"Zn":[0.4863,0.27899999999999997,0.040999999999999995,0.1875,0.0062],"Ga":[0.60108,0.39892000000000005],"Ge":[0.2084,0.2754,0.07730000000000001,0.3628,0.0761],"As":[1.0],"Se":[0.0089,0.09369999999999999,0.07629999999999999,0.2377,0.4961,0.0873],"Br":[0.5069,0.49310000000000004],"Kr":[0.0034999999999999996,0.022799999999999997,0.1158,0.1149,0.57,0.17300000000000001],"Rb":[0.7217,0.2783],"Sr":[0.005600000000000001,0.0986,0.07,0.8258],"Y":[1.0],"Zr":[0.5145000000000001,0.11220000000000001,0.17149999999999999,0.17379999999999998,0.027999999999999997],"Nb":[1.0],"Mo":[0.1484,0.0925,0.1592,0.1668,0.0955,0.2413,0.09630000000000001],"Tc":[1.0],"Ru":[0.17059999999999997,0.3155,0.1862,0.0554,0.0187,0.1276,0.126],"Rh":[1.0],"Pd":[0.0102,0.1114,0.22329999999999997,0.2733,0.2646,0.11720000000000001],"Ag":[0.51839,0.48161000000000004],"Cd":[0.0125,0.0089,0.1249,0.128,0.2413,0.1222,0.2873,0.07490000000000001],"In":[0.0429,0.9571],"Sn":[0.0097,0.0066,0.0034000000000000002,0.1454,0.0768,0.2422,0.0859,0.3258,0.0463,0.0579],"Sb":[0.5721,0.4279],"I":[1.0],"Te":[0.0009,0.0255,0.0089,0.047400000000000005,0.0707,0.1884,0.31739999999999996,0.3408],"Xe":[0.0009,0.0009,0.0192,0.2644,0.0408,0.2118,0.26890000000000003,0.10439999999999999,0.08869999999999999],"Cs":[1.0],"Ba":[0.00106,0.00101,0.024169999999999997,0.06591999999999999,0.07854,0.11231999999999999,0.71698],"La":[0.0009,0.9991],"Ce":[0.00185,0.00251,0.8845000000000001,0.11114],"Pr":[1.0],"Nd":[0.272,0.122,0.23800000000000002,0.083,0.172,0.057,0.055999999999999994],"Pm":[1.0],"Sm":[0.030699999999999998,0.1499,0.1124,0.1382,0.0738,0.2675,0.2275],"Eu":[0.4781,0.5219],"Gd":[0.002,0.0218,0.14800000000000002,0.2047,0.1565,0.2484,0.2186],"Tb":[1.0],"Dy":[0.0006,0.001,0.023399999999999997,0.1891,0.2551,0.249,0.2818],"Ho":[1.0],"Er":[0.0014000000000000002,0.0161,0.3361,0.2293,0.26780000000000004,0.1493],"Tm":[1.0],"Yb":[0.0013,0.0304,0.14279999999999998,0.2183,0.1613,0.31829999999999997,0.1276],"Lu":[0.9741,0.0259],"Hf":[0.0016,0.0526,0.18600000000000003,0.2728,0.1362,0.3508],"Ta":[0.00012,0.99988],"W":[0.0012,0.265,0.1431,0.3064,0.2843],"Re":[0.374,0.626],"Os":[0.0002,0.0159,0.0196,0.1324,0.16149999999999998,0.2626,0.4078],"Ir":[0.373,0.627],"Pt":[0.00014000000000000001,0.00782,0.32966999999999996,0.33832,0.25242000000000003,0.07163],"Au":[1.0],"Hg":[0.0015,0.09970000000000001,0.16870000000000002,0.231,0.1318,0.2986,0.0687],"Tl":[0.29524,0.7047599999999999],"Pb":[0.013999999999999999,0.24100000000000002,0.221,0.524],"Bi":[1.0],"Po":[1.0],"At":[1.0],"Rn":[1.0],"Fr":[1.0],"Ra":[1.0],"Ac":[1.0],"Pa":[1.0],"Th":[1.0],"Np":[1.0],"U":[5.4999999999999995e-05,0.0072,0.992745],"Am":[1.0],"Pu":[1.0],"Cm":[1.0],"Bk":[1.0],"Cf":[1.0],"Es":[1.0],"Fm":[1.0],"Md":[1.0],"No":[1.0],"Lr":[1.0]}
