formula,score,frequency,count,mass
HCl,1.053939712245193,0.01883134865688175,68,35.976677712