formula,score,frequency,count,mass
HF,1.274569961954687,0.02180232558139535,75,20.006228252