formula,score,frequency,count,mass
I,4.129642508629269,0.08280254777070063,13,126.904473