formula,score,frequency,count,mass
H3O4P,2.5780174954771407,0.03685897435897436,23,97.976895206
HO3P,2.412474899434908,0.04487179487179487,28,79.96633052199999