{
  "IsotopePatternAnalysis": {
    "$name": "IsotopePatternAnalysis",
    "patternScorers": [
      {
        "$name": "scoring.MassDeviationScorer",
        "intensityDependency": {
          "$name": "util.PiecewiseLinearFunctionIntensityDependency",
          "values": [
            1,
            1.5
          ],
          "bags": [
            0.15,
            0.1
          ]
        }
      },
      {
        "$name": "scoring.LogNormDistributedIntensityScorer",
        "intensityDependency": {
          "$name": "util.PiecewiseLinearFunctionIntensityDependency",
          "values": [
            0.7,
            0.6,
            0.8,
            0.5
          ],
          "bags": [
            1,
            0.3,
            0.15,
            0.03
          ]
        }
      }
    ],
    "isotopes": {
      "$name": "ChemistryBase.chem.utils.IsotopicDistribution",
      "isotopes": {
        "Cl": {
          "abundances": [
            0.7578,
            0.2422
          ],
          "masses": [
            34.96885268,
            36.96590259
          ]
        },
        "P": {
          "abundances": [
            1
          ],
          "masses": [
            30.97376163
          ]
        },
        "S": {
          "abundances": [
            0.9493,
            0.0076,
            0.0429,
            0.00020
          ],
          "masses": [
            31.972071,
            32.97145876,
            33.9678669,
            35.96708076
          ]
        },
        "C": {
          "abundances": [
            0.9893000000000001,
            0.010700000000000001
          ],
          "masses": [
            12,
            13.00335484
          ]
        },
        "N": {
          "abundances": [
            0.9963200000000001,
            0.00368
          ],
          "masses": [
            14.003074,
            15.0001089
          ]
        },
        "O": {
          "abundances": [
            0.9975700000000001,
            0.00037999999999999997,
            0.0020499999999999997
          ],
          "masses": [
            15.99491462,
            16.9991317,
            17.999161
          ]
        },
        "H": {
          "abundances": [
            0.999885,
            0.000115
          ],
          "masses": [
            1.007825032,
            2.014101778
          ]
        },
        "Na": {
          "abundances": [
            1
          ],
          "masses": [
            22.98976928
          ]
        }
      }
    },
    "cutoff": 0.01,
    "patternExtractor": {
      "$name": "extraction.AlreadyExtracted"
    },
    "intensityOffset": 0.00178
  },
  "FragmentationPatternAnalysis": {
    "rootScorers": [
      {
        "$name": "MassDeviationVertexScorer",
        "standardDeviation": "5 ppm (0.0005 m/z)",
        "useOriginalMz": true
      },
      {
        "$name": "IntrinsicallyChargedScorer",
        "score": -2.3025850929940455
      },
      {
        "$name": "PhosphorScorer"
      },
      {
        "$name": "StrangeElementRootScorer",
        "penalty": -1.3862943611198906
      },
      {
        "$name": "ChemicalPriorScorer",
        "normalization": 0.8223655391091401,
        "minimalMass": 100,
        "prior": {
          "heteroAtom2CarbonScorer": {
            "$name": "ImprovedHetero2CarbonScorer",
            "distribution": {
              "$name": "PartialParetoDistribution",
              "b": 0.4,
              "a": 0,
              "k": 3.14534
            }
          },
          "$name": "ChemicalCompoundScorer$DefaultScorer",
          "specialMoleculeScorer": {
            "oxygenToHeteroDistribution": {
              "$name": "PartialParetoDistribution",
              "b": 0.75,
              "a": 0,
              "k": 5
            },
            "rdbeDistribution": {
              "$name": "PartialParetoDistribution",
              "b": 2,
              "a": 0,
              "k": 2
            },
            "$name": "SpecialMoleculeScorer"
          },
          "rdbeScorer": {
            "$name": "RDBEMassScorer",
            "distribution": {
              "$name": "NormalDistribution",
              "mean": 0.1481998,
              "variance": 0.07341486
            }
          }
        }
      }
    ],
    "$name": "FragmentationPatternAnalysis",
    "preProcessing": [
      {
        "$name": "NormalizeToSumPreprocessor",
        "onlyForRelativeIntensities": true
      }
    ],
    "merge": {
      "$name": "HighIntensityMerger",
      "minDistance": 0.01
    },
    "fragmentScorers": [
      {
        "$name": "MassDeviationVertexScorer"
      },
      {
        "$name": "PhosphorScorer"
      },
      {
        "$name": "StrangeElementSmallFragmentScorer",
        "score": 0.5,
        "maximalMass": 75
      },
      {
        "$name": "CommonFragmentsScore",
        "fragments": {
          "C6H4": 1.8236815143028664,
          "C6H10O": 0.7656263255046865,
          "C8H10O": 0.8423886288352791,
          "C3H5N": 1.2957260647396929,
          "C4H7N": 0.9553259530776758,
          "C4H9N": 0.9844141831421689,
          "C5H8O": 0.6272877818637399,
          "C8H8": 1.6324255972366377,
          "C7H8O": 1.4229137089377955,
          "C5H4": 1.223416211065982,
          "C7H4O": 0.638671172753244,
          "C4H6": 1.6274708751466729,
          "C5H11N": 0.8593480388574978,
          "C3H7N": 1.3800363092024726,
          "C7H6O": 0.913032212045669,
          "C8H8O": 0.9744765443306312,
          "C6H11N": 0.7021579281816406,
          "C9H10": 0.8130893251764055,
          "C10H10": 0.5832256630059285,
          "C5H9N": 0.7576191495590102,
          "C5H6": 1.3188761964818312,
          "C9H10O": 0.8497636400364272,
          "C6H8O": 1.2487931803040506,
          "C5H8": 1.2923534629422342,
          "C6H5N": 0.807648886172771,
          "C7H8": 1.2745273935910226,
          "C6H6": 1.485085772187332,
          "C8H12": 0.5508670819585008,
          "C10H10O": 0.6877158980411181,
          "C7H10": 1.2213912358406929,
          "C6H8": 1.5576429080987129,
          "C8H10": 0.8654876110031418,
          "C9H8": 0.788996863917538,
          "C9H6": 0.6321100464275511,
          "C7H6": 2.4072856234857656,
          "C3H6": 1.1448017447654153,
          "C4H8": 1.4907404564579907,
          "C3H4": 1.1017660273816656,
          "C10H12O": 0.6520964204668978,
          "C2H2O": 0.6145039204866494
        },
        "normalization": 0.3128077165310584
      }
    ],
    "peakScorers": [
      {
        "$name": "TreeSizeScorer",
        "score": -0.5
      },
      {
        "$name": "FragmentSizeScorer",
        "maxScore": 2,
        "maxSize": 200
      },
      {
        "$name": "PeakIsNoiseScorer",
        "distribution": {
          "$name": "ParetoDistribution$EstimateByMedian",
          "xmin": 0.005
        }
      }
    ],
    "peakPairScorers": [
      {
        "$name": "CollisionEnergyEdgeScorer",
        "alpha": 0.1,
        "beta": 0.8
      },
      {
        "$name": "LossSizeScorer",
        "normalization": -4.937265902441982,
        "distribution": {
          "$name": "LogNormalDistribution",
          "mean": 4.132343298077001,
          "variance": 0.3897840063269184
        }
      }
    ],
    "lossScorers": [
      {
        "$name": "FreeRadicalEdgeScorer",
        "radicalPenalty": -2.3025850929940455,
        "normalization": -0.011626542158820332,
        "commonRadicals": {
          "Cl": -0.10536051565782632,
          "C6H5": -0.10536051565782628,
          "CH3": -0.10536051565782632,
          "HO": -0.10536051565782632,
          "NO2": -0.10536051565782628,
          "Br": -0.10536051565782632,
          "C3H7": -0.10536051565782628,
          "C4H9": -0.10536051565782628,
          "O": -0.10536051565782632,
          "H": -0.10536051565782632,
          "I": -0.10536051565782632,
          "CH3O": -0.10536051565782628,
          "NO": -0.10536051565782628,
          "C6H6N": -0.10536051565782628,