{
  "IsotopePatternAnalysis": {
    "$name": "IsotopePatternAnalysis",
    "patternScorers": [
      {
        "$name": "scoring.MassDifferenceDeviationScorer",
        "intensityDependency": {
          "$name": "util.PiecewiseLinearFunctionIntensityDependency",
          "values": [
            1,
            2,
            3
          ],
          "bags": [
            0.2,
            0.1,
            0.01
          ]
        }
      },
      {
        "$name": "scoring.MassDeviationScorer",
        "intensityDependency": {
          "$name": "util.PiecewiseLinearFunctionIntensityDependency",
          "values": [
            1,
            2,
            3
          ],
          "bags": [
            0.2,
            0.1,
            0.01
          ]
        }
      },
      {
        "$name": "scoring.NormalDistributedIntensityScorer",
        "absolute_error": 0.03,
        "relative_error": 0.08
      },
      {
        "$name": "scoring.MissingPeakScorer",
        "lambda": 50,
        "threshold": 0.05
      }
    ],
    "isotopes": {
      "$name": "ChemistryBase.chem.utils.IsotopicDistribution",
      "isotopes": {
        "Cl": {
          "abundances": [
            0.7578,
            0.2422
          ],
          "masses": [
            34.96885268,
            36.96590259
          ]
        },
        "P": {
          "abundances": [
            1
          ],
          "masses": [
            30.97376163
          ]
        },
        "S": {
          "abundances": [
            0.9493,
            0.0076,
            0.0429,
            0.00020
          ],
          "masses": [
            31.972071,
            32.97145876,
            33.9678669,
            35.96708076
          ]
        },
        "C": {
          "abundances": [
            0.9893000000000001,
            0.010700000000000001
          ],
          "masses": [
            12,
            13.00335484
          ]
        },
        "N": {
          "abundances": [
            0.9963200000000001,
            0.00368
          ],
          "masses": [
            14.003074,
            15.0001089
          ]
        },
        "O": {
          "abundances": [
            0.9975700000000001,
            0.00037999999999999997,
            0.0020499999999999997
          ],
          "masses": [
            15.99491462,
            16.9991317,
            17.999161
          ]
        },
        "H": {
          "abundances": [
            0.999885,
            0.000115
          ],
          "masses": [
            1.007825032,
            2.014101778
          ]
        },
        "Na": {
          "abundances": [
            1
          ],
          "masses": [
            22.98976928
          ]
        }
      }
    },
    "cutoff": 0.01,
    "patternExtractor": {
      "$name": "extraction.ExtractAll"
    },
    "intensityOffset": 0
  },
  "FragmentationPatternAnalysis": {
    "rootScorers": [
      {
        "$name": "MassDeviationVertexScorer",
        "standardDeviation": "5.0 ppm (5.0E-4 m/z)",
        "useOriginalMz": true
      },
      {
        "$name": "AdductTypeScorer"
      },
      {
        "$name": "IntrinsicallyChargedScorer",
        "score": -4.605170185988091
      },
      {
        "$name": "PhosphorScorer"
      },
      {
        "$name": "StrangeElementRootScorer",
        "penalty": -1.6094379124341003
      },
      {
        "$name": "ChemicalPriorScorer",
        "normalization": 0,
        "minimalMass": 100,
        "prior": {
          "$name": "SupportVectorMolecularFormulaScorer"
        }
      },
      {
        "$name": "IsotopeMs1Scorer"
      }
    ],
    "recalibrationMethod": {
      "$name": "HypothesenDrivenRecalibration",
      "method": {
        "$name": "MedianSlope",
        "minNumberOfPeaks": 8,
        "maxDeviation": "10.0 ppm (0.001 m/z)",
        "epsilon": "2.0 ppm (5.0E-4 m/z)",
        "forceParentPeakIn": false,
        "threshold": 0.01
      },
      "threshold": 0.000010
    },
    "$name": "FragmentationPatternAnalysis",
    "preProcessing": [
      {
        "$name": "NormalizeToSumPreprocessor",
        "onlyForRelativeIntensities": true
      },
      {
        "$name": "DynamicBaselineFilter",
        "standardDeviation": 0.05,
        "threshold": 0.25
      }
    ],
    "merge": {
      "$name": "HighIntensityMerger",
      "minDistance": 0.005
    },
    "fragmentScorers": [
      {
        "$name": "MassDeviationVertexScorer"
      },
      {
        "$name": "PhosphorScorer"
      },
      {
        "$name": "StrangeElementSmallFragmentScorer",
        "score": 0.5,
        "maximalMass": 75
      },
      {
        "$name": "CommonFragmentsScore",
        "fragments": {
          "C6H4": 1.280441763530519,
          "C9H9N": 0.723147734156731,
          "C3H5N": 0.8756603328268577,
          "C4H7N": 0.48548667215981656,
          "C4H9N": 0.6256806620036983,
          "C8H6": 0.93243638719678,
          "C8H8": 1.6964858880140792,
          "C9H7N": 1.008448412668853,
          "C11H10O": 0.5018780739178162,
          "C9H7NO": 0.577492908561451,
          "C5H4": 0.7593778465628661,
          "C10H9N": 0.7461300224578211,
          "C7H8O": 0.8422351063421905,
          "C10H8": 0.7858496485398722,
          "C10H7": 0.5225916408059882,
          "C7H4O": 0.9219757071111565,
          "C13H8": 0.8415537171280086,
          "C5H11N": 0.612996479453784,
          "C3H7N": 0.9534343853720886,
          "C6H5NO": 0.6090390087619828,
          "C7H6O": 1.0905998674343775,
          "C13H10": 0.5172505891333642,
          "C8H8O": 1.6202291370959956,
          "C9H10": 0.8676246335070175,
          "C6H11N": 0.7630487586279394,
          "C10H10": 0.8953392288627682,
          "C6H8O": 0.5696538981707627,
          "C10H9NO": 0.675341185125755,
          "C9H10O": 0.6647782471699986,
          "C6H5N": 0.7188560195239636,
          "C11H12": 0.787801660190543,
          "C6H6": 0.5900884605181049,
          "C10H10O": 0.9527251028891628,
          "C11H10": 0.6992838523963624,
          "C8H6O2": 0.4699798880654633,
          "C12H10O": 0.6313368438742695,
          "C8H10": 0.5124908977701288,
          "C9H8": 1.021498685104785,
          "C9H6": 1.0987016430798617,
          "C7H6": 2.0843792986414407
        },
        "normalization": 0.16554708331150958,
        "recombinator": {
          "$name": "CommonFragmentsScore$LossCombinator",
          "losses": [
            "Br",
            "C2H2",
            "C2H2O",
            "C2H4",
            "C2H5N",
            "C3H6",
            "CH2",
            "CH3",
            "CH3N",
            "CH4",
            "CH4O",
            "CHN",
            "CIO",
            "CO",
            "CO2",
            "Cl",
            "H2",
            "H2O",
            "H3N",
            "HBr",
            "HCl",
            "HF",
            "HI",
            "HO2PS",
            "HO3P",
            "I",
            "I2",
            "S"
          ],
          "penalty": -0.5
        }
      }
    ],
    "peakScorers": [
      {
        "$name": "TreeSizeScorer",
        "score": -0.5
      },
      {
        "$name": "FragmentSizeScorer",
        "maxScore": 2,
        "maxSize": 200
      },
      {
        "$name": "ClippedPeakIsNoiseScorer",
        "distribution": {
          "$name": "ParetoDistribution$EstimateByMedian",
          "xmin": 0.002
        },
        "beta": 0.00001
      }
    ],
    "peakPairScorers": [
      {
        "$name": "LossSizeScorer",
        "normalization": -5.310349962255842,
        "adjustNormalizationBasedOnData": false,
        "distribution": {
          "$name": "LogNormalDistribution",
          "mean": 4.022526672023266,
          "variance": 0.3124649410213113
        }
      }
    ],
    "lossScorers": [
      {
        "$name": "FreeRadicalEdgeScorer",
        "radicalPenalty": -2.3025850929940455,
        "normalization": -0.011626542158820332,